VictimID,CaseID,VictimName,VictimGender,VictimAddress
1,498,Jemmy Plail,Male,29 Forest Road
2,61,Lucilia Drinnan,Female,55015 Forest Point
3,16,Merry Robak,Female,02 Rusk Junction
4,344,Ronni Kennerley,Female,1 Blaine Lane
5,220,Faydra Cassam,Male,50924 Dixon Crossing
6,342,Leoine Velte,Male,0748 Mallory Circle
7,377,Marlena MacQuist,Male,7 Prairieview Trail
8,133,Kathe Placide,Male,81263 Esch Circle
9,152,Paola Melbourne,Female,454 Arrowood Place
10,182,Johny Hodgins,Female,637 Bultman Park
11,417,Mela Di Biagi,Female,55633 Ramsey Point
12,346,Wright Croser,Female,600 Lakewood Parkway
13,249,Stefa Laible,Male,3484 Corscot Road
14,81,Sean Crowthe,Male,0707 Annamark Junction
15,8,Nissy Eckley,Female,98 Crowley Plaza
16,184,Rawley Whitefoot,Male,46249 Annamark Trail
17,120,Ophelia Laughton,Female,8 Warrior Lane
18,189,Garvey Pedden,Female,5 Division Terrace
19,338,Holly-anne Denerley,Female,64 Judy Junction
20,448,Noami Wycherley,Female,07222 Pleasure Park
21,38,Ferrell Giroldo,Male,60 Bowman Avenue
22,233,Aridatha Rhymer,Male,5 Redwing Terrace
23,190,Liz Zelland,Female,622 Mockingbird Alley
24,237,Sibylla Shingles,Female,0583 Northport Alley
25,22,Amalee Tows,Male,92520 Westend Plaza
26,360,Ronnie Beacom,Male,0203 Eagle Crest Plaza
27,31,Kendrick Briand,Female,72637 Autumn Leaf Park
28,283,Silvain Perassi,Female,3416 Gale Court
29,101,Stephanie Demange,Male,4 Di Loreto Circle
30,460,Ailbert Devenport,Male,2303 Merry Park
31,431,Merwyn Thamelt,Male,5023 Lakeland Circle
32,110,Jefferson Rivallant,Male,01 Marcy Hill
33,249,Christoforo Baile,Male,746 Talmadge Place
34,389,Maison Ferry,Male,383 Hallows Court
35,20,Gilbertina Catherall,Female,8 Forest Pass
36,418,Elmer Shaplin,Male,3 Clyde Gallagher Circle
37,447,Cyrus Vogel,Male,3841 Mosinee Way
38,194,Lindy Sparkwell,Female,8 Spohn Crossing
39,200,Sasha Fancott,Female,29 Brickson Park Trail
40,140,Wendie Perring,Male,68 Walton Way
41,29,Rutger Chamberlin,Male,99733 Summer Ridge Lane
42,88,Melisande Wallbridge,Female,2357 Main Alley
43,26,Alexis McLellan,Male,781 Calypso Circle
44,31,Mirna Bulstrode,Female,91 Raven Avenue
45,202,Riccardo Yallowley,Female,0233 Pankratz Avenue
46,179,Joella McGloin,Female,468 Manufacturers Street
47,445,Dorian Kilby,Female,1553 Surrey Lane
48,51,Sean Belf,Male,01074 Dakota Way
49,348,Joye Cayton,Male,85677 Rockefeller Parkway
50,274,Britta McKeller,Female,8476 Tennyson Crossing
51,448,Dusty Hebson,Female,97329 Grasskamp Point
52,197,Ange Dudny,Female,04 Moulton Junction
53,295,Trixy Spry,Male,2020 Maywood Drive
54,230,Claybourne Chilton,Male,7 Steensland Avenue
55,143,Simone Thacke,Male,53 Huxley Avenue
56,76,Claybourne Willmett,Male,13119 Carpenter Center
57,18,Karola Pettican,Female,3389 Twin Pines Street
58,469,Tawsha Krzysztof,Female,39013 South Drive
59,356,Raoul Yukhnin,Male,647 8th Junction
60,347,Osbert Ballefant,Female,5 Coleman Alley
61,73,Ofilia Osgardby,Female,32 Kedzie Court
62,40,Nestor Northbridge,Male,29310 Lerdahl Terrace
63,94,Sara Kettridge,Male,3 Annamark Place
64,43,Windham Birney,Female,6 Petterle Drive
65,256,Elton Stidever,Female,556 Shasta Avenue
66,495,Sibyl Tudhope,Female,63 Farmco Circle
67,464,Hollie Biggans,Female,15821 Mandrake Street
68,42,Vale Simonite,Male,1143 Spohn Point
69,485,Zerk Pargiter,Female,3 Green Ridge Crossing
70,120,Jessi le Keux,Male,00 Mifflin Lane
71,273,Heall Billingham,Female,64474 Muir Crossing
72,38,Cynthia Kohtler,Female,730 Hovde Avenue
73,367,Den Linge,Female,5 Hovde Parkway
74,17,Fiann Wilacot,Male,050 7th Road
75,366,Janessa Rigolle,Male,289 Fulton Road
76,227,Andre Wherry,Male,86 Vidon Way
77,500,Sigismond Billin,Male,02874 Browning Alley
78,407,Taryn Demetr,Female,20408 Hoard Avenue
79,212,Jodi Crowley,Male,05 Thackeray Drive
80,169,Remy MacCorkell,Male,8608 Monica Parkway
81,397,Jacinda Zum Felde,Female,12945 Reindahl Junction
82,6,Allsun Sambells,Female,741 Beilfuss Alley
83,345,Mohandas Hearle,Male,679 Red Cloud Trail
84,192,Shelba Streetley,Male,57440 Ruskin Street
85,156,Jacquie Hove,Male,71207 Thackeray Alley
86,23,Chad Heddon,Female,6230 Westridge Lane
87,47,Edwina Neasham,Female,3 Forest Dale Street
88,68,Lee Tatlow,Male,286 Lukken Center
89,159,Elsworth Gatiss,Male,84 Laurel Avenue
90,146,Ilse Jewis,Female,6929 Gateway Court
91,171,Jacynth Bixley,Male,353 Stang Trail
92,358,Anett Starr,Female,2 Cordelia Lane
93,232,Shoshanna Craigg,Male,47 Kedzie Center
94,83,Benn Dalmon,Female,18830 Johnson Center
95,415,Willyt Marshfield,Male,42456 Merrick Pass
96,88,Domenico Seawright,Female,75 Tennyson Road
97,237,Nedda Southby,Male,8860 Bunker Hill Pass
98,307,Carlotta Ewbanke,Female,47 Garrison Terrace
99,436,Giorgio Phateplace,Female,4 Messerschmidt Circle
100,393,Dinnie Sawforde,Female,55 Cottonwood Avenue
101,20,Templeton Scutching,Female,75 Jenna Lane
102,270,Araldo McCerery,Male,627 Kinsman Parkway
103,115,Wait Maggorini,Male,57338 Fremont Road
104,231,Willette Howatt,Female,1218 Katie Road
105,486,Cos Snasdell,Female,572 Hoffman Pass
106,480,Westbrook Lomas,Male,92 Helena Crossing
107,312,Sergei Chauvey,Female,8 Texas Place
108,119,Dominic Greensted,Female,396 Sloan Trail
109,257,Seymour Davsley,Male,099 Utah Place
110,479,Dagny Ravenhill,Male,4018 Park Meadow Way
111,30,Ralf Carette,Female,4567 Sugar Junction
112,351,Reba Pimerick,Male,8 Forest Dale Hill
113,466,Moses Hardage,Male,6 Lien Terrace
114,289,Olivier Shortcliffe,Female,2333 Florence Park
115,344,Zack Vsanelli,Female,346 Veith Alley
116,264,Lenette Mattocks,Male,50546 Springview Pass
117,111,Carolin Holdforth,Male,8 Warrior Drive
118,335,Cherianne Robertazzi,Male,3 Colorado Parkway
119,228,Devondra Molan,Male,40 Grasskamp Crossing
120,86,Veriee Seatter,Male,8 Longview Way
121,202,Duane Tison,Male,717 Graceland Street
122,445,Larry Kinde,Female,2 Miller Court
123,185,Athene Bonsale,Male,1 Jenna Park
124,252,Worth Pitone,Male,61 American Ash Circle
125,254,Laurie Lukash,Male,1 Bashford Parkway
126,368,Brocky Hablet,Male,5196 Straubel Avenue
127,468,Reginauld Jeffcoat,Male,0 Erie Alley
128,219,Ariela Spencers,Male,3034 Schurz Hill
129,9,Fidelio Millar,Male,8 Meadow Vale Avenue
130,467,Kipp Ledgard,Male,9477 Judy Court
131,423,Evaleen Tebb,Female,33 Bellgrove Alley
132,365,Thea Beine,Male,282 Sachtjen Drive
133,472,Laird Jammes,Male,230 Helena Park
134,238,Lorne Esmead,Male,68 Bobwhite Plaza
135,286,Micki Gwalter,Female,258 Brickson Park Court
136,209,Virgilio Lawden,Female,5 Cottonwood Street
137,60,Langsdon Orniz,Female,04 Green Ridge Park
138,43,Budd Gresley,Male,9973 Forest Street
139,101,Wendi McQuorkell,Female,177 Gateway Trail
140,419,Elvira Pinhorn,Male,217 Heffernan Pass
141,2,Jillane McGlashan,Male,8352 Porter Trail
142,343,Dulsea Alekseicik,Female,159 Loftsgordon Drive
143,244,Banky Sarfass,Female,06 Lunder Way
144,413,Timmy Thowes,Female,05 Mendota Crossing
145,127,Kristal Muris,Male,3908 Lake View Center
146,442,Tani Redwall,Female,0 Lien Center
147,405,Donaugh Booeln,Male,7 Northridge Way
148,190,Dulcea Brosnan,Male,5 7th Park
149,85,Osborn Raggles,Male,082 Canary Place
150,274,Tybi O'Shea,Female,0479 Crownhardt Parkway
151,95,Leigh Anthona,Male,08 Spohn Court
152,300,Charita Sigfrid,Female,26 Vera Plaza
153,66,Farra Gahan,Male,25 Weeping Birch Crossing
154,81,Claresta Dowdell,Female,684 Golf Road
155,489,Stacee Nise,Female,07 Blue Bill Park Hill
156,468,Augustine Hardie,Male,3470 Holy Cross Street
157,363,Sheri Corwin,Female,1509 Tony Place
158,187,Ynez Yashunin,Female,34 Fieldstone Crossing
159,457,Joe Lukock,Male,37546 Bashford Avenue
160,393,Vinita Lusted,Female,14 Pawling Avenue
161,250,Kelila Millimoe,Male,003 Derek Lane
162,500,Reid Cosker,Male,8790 Oxford Way
163,498,Bobby Ferrieres,Female,064 Laurel Pass
164,443,Kailey Summergill,Female,1 Artisan Trail
165,136,Prentice Harmstone,Male,4 Kings Avenue
166,100,Jaquelin Cleveland,Male,41 Tennyson Way
167,9,Way Heiden,Male,3329 Cherokee Alley
168,432,Riley Alven,Female,91 Prairieview Park
169,59,Elyssa Whistlecroft,Female,76 Milwaukee Point
170,116,Farrel Scarisbrick,Male,8272 Bashford Point
171,443,Fredia Brissenden,Male,39626 Oak Hill
172,220,Martino Jachimczak,Male,5893 Debra Parkway
173,16,Kare Abrahams,Female,13 6th Point
174,240,Dotti Escalera,Male,2250 Scofield Way
175,58,Cilka Cheevers,Female,74486 Warner Park
176,489,Ashla Verbrugge,Female,64 Anderson Crossing
177,180,Em Colter,Male,9162 Carberry Terrace
178,401,Emyle Haslen,Female,402 Melby Court
179,315,Gilberto Anchor,Female,568 Arizona Place
180,141,Dorita Kaman,Female,65937 Moose Pass
181,355,Donall Gillford,Female,722 Meadow Vale Court
182,169,Law Rizzetti,Female,150 Donald Park
183,12,Kelvin Domanek,Male,6 Redwing Lane
184,484,Wynn Adlard,Male,3951 School Plaza
185,290,Chelsea Elsey,Female,765 Gale Parkway
186,369,Rockey Tallowin,Female,1834 Fieldstone Road
187,188,Tallulah Barents,Female,77 Roth Drive
188,291,Benji Longrigg,Male,41 Oriole Way
189,487,Isiahi Macauley,Female,300 Pepper Wood Hill
190,244,Devonna Boutellier,Female,15046 Roxbury Pass
191,422,Ximenez Baynard,Male,071 Debra Center
192,181,Dniren MacCulloch,Female,56 Caliangt Park
193,19,Richy Klezmski,Male,0799 Anniversary Way
194,75,Tymothy Bampkin,Male,939 Garrison Crossing
195,377,Heddi Fegan,Male,824 High Crossing Trail
196,420,Rosanne Baudins,Female,847 Granby Trail
197,315,Betta Mildner,Female,18458 Novick Trail
198,296,Laird Van der Velde,Female,617 Glacier Hill Park
199,368,Minnaminnie Merrin,Female,54 Haas Park
200,457,Yevette Avon,Female,80 Monica Park
201,13,Rogerio Hazleton,Female,451 Independence Crossing
202,242,Wilhelmine Partkya,Female,365 Del Sol Terrace
203,206,Wylie Levine,Male,3 Mesta Road
204,380,Kariotta Dingle,Female,20248 Logan Court
205,378,Olivie Gratten,Female,4 Cottonwood Street
206,101,Julie Phethean,Female,0 Michigan Place
207,266,Ruthy Gudeman,Female,0 Riverside Way
208,18,Homere Ridulfo,Male,62233 Katie Alley
209,159,Minni Sly,Male,7 Loeprich Center
210,45,Diane Hovee,Male,1788 Daystar Drive
211,467,Frasco Crabbe,Male,0 Fallview Point
212,112,Iain Karczinski,Female,18352 Johnson Road
213,291,Yardley Gratton,Male,4 Spenser Park
214,141,Thia Reeken,Male,222 Esch Way
215,235,Bale Frankton,Female,868 Florence Alley
216,27,Ingamar Vinecombe,Male,7 Coolidge Point
217,407,Willard Aslie,Female,33967 Kinsman Avenue
218,445,Nissie Sayton,Male,061 Lindbergh Terrace
219,266,Berkeley Spridgeon,Male,3 Northridge Hill
220,463,Delaney Hartly,Male,70779 Columbus Trail
221,460,Filip Butter,Female,39357 Parkside Terrace
222,327,Saxon Tubbs,Female,37847 Sycamore Lane
223,453,Jocelyne Kiddle,Male,648 Park Meadow Park
224,122,Ingunna Deavall,Male,59 Hanson Junction
225,135,Corette Spendley,Male,967 Commercial Junction
226,55,Debra Romera,Male,390 Butterfield Crossing
227,175,Herrick Lehrer,Female,930 Fieldstone Hill
228,91,Rafaelia Izzard,Male,92433 Oakridge Avenue
229,62,Keith Bunworth,Male,181 Towne Place
230,15,Reinaldos Higbin,Female,8459 Johnson Place
231,120,Doris Vaissiere,Female,61673 Del Sol Place
232,51,Des Messom,Female,7 Holmberg Place
233,75,Cello Thorold,Male,27189 Banding Pass
234,72,Art D'Ambrogi,Male,4 Esch Court
235,240,Norry Kellart,Female,5733 Merchant Park
236,445,Britteny Bovey,Male,63981 Porter Crossing
237,91,Loni Petrishchev,Female,59006 Utah Hill
238,269,Stillmann Morillas,Male,274 Forest Dale Trail
239,378,Marcelia Velte,Male,3 Arizona Lane
240,231,Stephani Ornells,Male,5 Katie Crossing
241,210,Klement Garford,Male,26763 Sloan Pass
242,135,Rolph Sally,Female,88 Union Place
243,85,Wat Lineker,Female,7537 Troy Point
244,260,Garrek Carrack,Male,554 Anniversary Plaza
245,21,Bonnibelle Vallender,Female,37147 Welch Trail
246,475,Stormie Woodison,Female,19962 Forster Way
247,333,Roxanne Cassie,Female,85 Hanson Parkway
248,219,Gustavo Rowling,Female,6 Oxford Pass
249,29,Nichole Bickley,Female,98 Granby Parkway
250,293,Sidonia Labbati,Male,16 Scott Terrace
251,369,Tonie McEniry,Female,80080 Goodland Way
252,446,Joeann Chivers,Female,052 Kinsman Plaza
253,378,Osbert Averies,Male,62 Summit Crossing
254,390,Claribel Beningfield,Female,621 Mcguire Circle
255,405,Elfie Greasty,Female,42989 Manufacturers Junction
256,163,Sharl Lippatt,Male,3 Mesta Pass
257,239,Dorris Fibben,Female,854 Macpherson Place
258,187,Giffard Cofax,Female,71714 Comanche Trail
259,230,Hakim Pittway,Female,36 Springs Parkway
260,187,Seumas Kemet,Female,55794 Cherokee Trail
261,231,Mellisent Stollberg,Male,80325 Eliot Point
262,168,Jewel Laughren,Male,9 Morning Pass
263,280,Alidia Vecard,Female,21634 David Alley
264,292,Bord Havis,Female,854 Carberry Place
265,146,Osborn Pitkeathley,Female,393 Bultman Pass
266,418,Gates Longmuir,Female,672 Pepper Wood Lane
267,91,Avery Cullimore,Male,46539 Cottonwood Trail
268,135,Bradford Bonsale,Female,9 Towne Pass
269,331,Ariella Arlett,Female,91795 Cascade Place
270,131,Collete Missen,Female,2 Village Green Junction
271,340,Esmaria Demogeot,Female,8171 Welch Court
272,211,Ester Phipson,Female,51251 Nelson Plaza
273,304,Kellsie Sanchiz,Female,0888 Ludington Parkway
274,126,Wylma Burness,Female,63264 Dryden Alley
275,421,Gasparo Gyorgy,Female,5327 Montana Avenue
276,448,Christoffer McGannon,Male,85337 Ruskin Hill
277,235,Amery Kirkwood,Male,91 Sunbrook Crossing
278,203,Abelard Jennick,Male,13 Wayridge Crossing
279,278,Anny Petch,Female,935 Ridge Oak Circle
280,151,Lancelot Redholls,Male,93522 Rigney Crossing
281,153,Winonah Sends,Male,7261 Dahle Road
282,118,Heath Threadgall,Male,248 Atwood Junction
283,208,Brian Bernlin,Male,03 Sutherland Alley
284,85,Sunny Backshaw,Male,912 Doe Crossing Crossing
285,267,Filberto Jerwood,Male,890 Waxwing Center
286,446,Kelley Macrow,Male,04 Meadow Vale Point
287,91,Graham Ashling,Female,73688 Messerschmidt Street
288,454,Kaila Mollon,Female,701 Randy Court
289,215,Morna Morrott,Female,608 Dottie Way
290,199,Jethro Veneur,Female,0389 Dahle Junction
291,289,Timmy Emanuelli,Male,454 Larry Trail
292,292,Titos Maltman,Female,3916 Rutledge Place
293,398,Othelia Turbayne,Female,799 Stone Corner Avenue
294,298,Datha Skippings,Male,3 Boyd Center
295,196,Nicolea Snugg,Male,777 Transport Junction
296,311,Marcella Copello,Male,004 Hallows Street
297,252,Arabelle Batrip,Male,5 Ramsey Hill
298,375,Perkin Sturridge,Male,798 Service Park
299,104,Bathsheba Stutt,Female,52289 Magdeline Trail
300,70,Carolyne Ference,Female,86549 Hermina Trail
301,217,Lek Segar,Male,771 Nobel Street
302,240,Talbert Bellchamber,Male,15 Graceland Pass
303,446,Tildy Imeson,Male,39465 Magdeline Parkway
304,132,Riccardo McKissack,Male,5 Eliot Plaza
305,229,Orson Hardes,Female,264 Pennsylvania Court
306,9,Dorothy Wollen,Male,7 Eagle Crest Terrace
307,61,Valentino Matyasik,Female,23 Schiller Trail
308,171,Ailbert Storck,Male,4 Fairview Road
309,60,Lorry Flanner,Male,04 Calypso Parkway
310,379,Emmerich Babar,Female,8625 West Circle
311,287,York Parsisson,Female,3 Ryan Center
312,238,Koo Redparth,Female,258 Autumn Leaf Place
313,62,Kent Skatcher,Female,3594 Anniversary Hill
314,229,Demetrius Barta,Female,73 Cardinal Avenue
315,171,Ignacius Goodband,Female,3 Weeping Birch Park
316,360,Farand Mulles,Male,9567 Mcbride Pass
317,312,Lefty Jarman,Male,293 1st Court
318,436,Monti Maryman,Female,381 Truax Terrace
319,152,Ryan Prestige,Male,27 Sauthoff Junction
320,404,Gwennie Lipp,Female,7046 Paget Plaza
321,483,Ronnie Osgordby,Female,50 Lillian Circle
322,250,Myrtice McClintock,Male,8321 Sullivan Plaza
323,213,Merl Hallmark,Male,1 South Plaza
324,416,Si Tolliday,Male,06723 Rigney Court
325,45,Udall Janota,Female,113 Summer Ridge Road
326,208,Antoni Putt,Female,6357 Laurel Place
327,45,Wenda Craster,Male,3 Express Point
328,133,Barth Brockhurst,Female,8 Roth Place
329,167,Elsi Dripp,Female,9036 American Ash Pass
330,423,Petunia Madine,Female,61 Evergreen Street
331,495,Leola Lanney,Male,32444 Maryland Drive
332,177,Cobb Truett,Female,918 Golden Leaf Center
333,449,Jori Wigmore,Male,93 John Wall Street
334,293,Aleece Chace,Male,09074 Cascade Court
335,83,Roz Troucher,Female,1602 Starling Trail
336,497,Emelda Ketcher,Male,2 Oak Valley Plaza
337,130,Denis Vettore,Male,14 Waywood Point
338,127,Loree Blundin,Male,2974 Acker Plaza
339,299,Rupert Cordova,Female,607 Gateway Parkway
340,412,Tami Lassells,Female,4533 Kensington Alley
341,133,Rafi Salerno,Female,0815 Kensington Avenue
342,96,Hope Halliburton,Male,8 Fair Oaks Pass
343,79,Davidson Danilchik,Male,0 Sunbrook Place
344,117,Grannie Letterick,Female,284 Artisan Terrace
345,76,Forster Andriuzzi,Male,38375 Gale Hill
346,127,Karil Jaine,Female,538 Ryan Trail
347,4,Gertrud Bathow,Female,56 Mandrake Court
348,206,Jose Costa,Female,19 Harbort Parkway
349,455,Gay Swalteridge,Female,86 Butternut Avenue
350,171,Sonnie Haxby,Male,55094 Montana Place
351,127,Melly Grigorkin,Male,27 Dunning Junction
352,467,Em Devas,Male,19 Vermont Crossing
353,265,Colline Tomanek,Female,55567 Donald Trail
354,327,Hedwiga Beak,Female,18 Del Mar Park
355,461,Debbie Caig,Male,30 Hanson Terrace
356,499,Morrie Bachellier,Male,777 Springs Park
357,260,Sharline Pembridge,Male,549 Portage Trail
358,66,Sephira Mintoff,Male,1 Monument Drive
359,140,Roxi Royle,Female,5674 Cardinal Place
360,293,Rollie MacCurley,Female,3356 Trailsway Park
361,460,Carney MacIlwrick,Female,3914 Troy Road
362,454,Gino Ransfield,Female,98 Warbler Parkway
363,324,Benny Fishpond,Male,502 Little Fleur Trail
364,486,Timmy Portch,Male,34333 Talmadge Plaza
365,217,Stanleigh Strawbridge,Male,496 Hermina Avenue
366,454,Phineas Clackson,Male,4618 Judy Drive
367,327,Aidan Melling,Male,928 Lukken Point
368,399,Kit Buchan,Female,5680 Bobwhite Alley
369,257,Tim Cashman,Male,1 Bayside Crossing
370,440,Dorothee Walesby,Male,67 Boyd Way
371,163,Madelene Prichard,Female,10485 Pearson Hill
372,100,Rosalia Creus,Female,4402 Florence Lane
373,460,Temple Sedgebeer,Male,9 Stoughton Drive
374,456,Kellen Brumwell,Female,8467 Union Pass
375,8,Calypso Kaes,Male,20089 Golden Leaf Street
376,441,Magdalene McSharry,Male,4017 Doe Crossing Lane
377,193,Car Coverley,Male,0 Rowland Lane
378,426,Burl Peeke,Male,67927 Ridgeview Road
379,333,Dorette Dumberell,Female,3548 Lien Avenue
380,318,Priscella Snoddy,Male,57332 Arkansas Avenue
381,378,Cassie Milazzo,Male,5 Heffernan Road
382,400,Ethyl Waylen,Male,311 Morrow Junction
383,218,Merilyn Deniske,Male,04144 Fairview Center
384,235,Amalita Vane,Male,19 Jana Junction
385,484,Celestina Thys,Female,7807 Butternut Avenue
386,438,Albina Vokes,Female,421 Sommers Street
387,48,Bartholemy Cabel,Male,835 Stone Corner Alley
388,270,Liana Crosher,Male,17471 Elgar Court
389,84,Barbabra Shay,Male,253 Main Point
390,373,Thorsten Bleckly,Male,713 Ridge Oak Circle
391,109,Travers Lucks,Female,1762 Buhler Place
392,21,Daphna Ewells,Female,804 Lawn Lane
393,341,Brooks De Cruz,Female,44461 Moulton Place
394,487,Joellen Haddock,Male,7 Fair Oaks Drive
395,91,Rob Ciciotti,Male,7744 Buhler Crossing
396,399,Shandy Loade,Male,1267 Scoville Parkway
397,81,Graeme Clawe,Male,426 Menomonie Avenue
398,242,Sargent Mea,Male,63416 Autumn Leaf Road
399,331,Madelin Jezard,Male,84709 Garrison Parkway
400,265,Karoly Fetters,Female,9813 Park Meadow Crossing
401,132,Levy Cubbino,Male,6 Forster Center
402,188,Bartram Lucio,Male,8 East Place
403,225,Helenelizabeth Egdal,Male,36 Nevada Place
404,343,Brand Shrieves,Female,9594 Crownhardt Crossing
405,206,Estele Chant,Male,91170 4th Park
406,425,Ninette Lody,Male,6948 Manitowish Alley
407,342,Valli Secrett,Female,31147 Luster Way
408,91,Quinn Rosengren,Male,0 Swallow Hill
409,320,Benetta Stobbes,Male,82 Packers Place
410,119,Krysta Hunton,Female,9210 Rowland Way
411,125,Orelee Ginsie,Female,22 Evergreen Road
412,472,Franklin Weavers,Male,13 Summerview Hill
413,144,Ortensia Trouel,Male,36509 Buena Vista Pass
414,261,Myrtia Ridesdale,Female,673 Brown Hill
415,227,Franni Neat,Female,0 Dottie Circle
416,262,Pat Croote,Male,390 Shopko Pass
417,329,Maryl Wison,Female,0 Dahle Way
418,227,Nollie Matthis,Female,065 Mayer Point
419,369,Gnni Grebner,Male,7044 Maple Wood Plaza
420,3,Henriette De Blase,Female,7587 Holmberg Place
421,409,Ervin Pedro,Female,62 Dovetail Way
422,226,Quintana Quinion,Female,32 Mcbride Circle
423,323,Horton Kohlerman,Female,2 Luster Court
424,183,Morty Billington,Male,70359 Glendale Crossing
425,74,Hector Kaubisch,Female,618 Raven Street
426,443,Leonidas Boardman,Female,003 Crescent Oaks Road
427,30,Vinny McGilvra,Male,53 Rockefeller Alley
428,276,Monroe Roadnight,Male,496 Morningstar Point
429,196,Darsie Neat,Female,02 Golden Leaf Terrace
430,206,Johny Shellard,Female,25068 Little Fleur Court
431,290,Gerda Coste,Male,0 Portage Hill
432,338,Wolf Haley,Female,604 Lake View Street
433,192,Douglas Aindrais,Male,358 Aberg Junction
434,128,Phillis McKnish,Female,930 Atwood Terrace
435,22,Lottie Marrable,Male,6877 Little Fleur Junction
436,84,Xever Deery,Male,72694 Merchant Avenue
437,25,Fraze Nono,Female,43 Walton Drive
438,465,Nap Ockland,Male,71 Larry Place
439,284,Norry Oakton,Male,47 Cody Avenue
440,177,Ellis Flewin,Female,13202 Caliangt Park
441,460,Mickie Cornhill,Male,08 Morrow Point
442,242,Zacharia Tomaschke,Male,72 Transport Place
443,133,Dew Skeete,Male,51 Schurz Pass
444,352,Iggy Tanzer,Male,505 Lotheville Alley
445,276,Palm Bingham,Male,03536 Mccormick Road
446,323,Jewelle Villalta,Female,59 Old Shore Alley
447,467,Danella Greenroyd,Male,23658 Killdeer Drive
448,387,Tully Walklate,Female,72 West Road
449,448,Opaline Dimitriou,Female,7 Talisman Drive
450,316,Mervin Gosden,Male,24892 Saint Paul Way
451,313,Conway Screeton,Male,7662 Dwight Trail
452,88,Zorina Santori,Male,731 Burning Wood Hill
453,141,Blinni Lujan,Female,26 Manufacturers Plaza
454,153,Phil Waring,Male,96277 Troy Trail
455,384,Forrester Vallery,Female,58083 Stang Crossing
456,186,Drucy MacHoste,Male,0294 Iowa Street
457,235,Ulberto Quinton,Female,25030 American Avenue
458,108,Vonnie Verissimo,Female,30001 Mesta Circle
459,298,Carie Burnand,Female,32934 Larry Drive
460,67,Austin Pietron,Female,04377 Dottie Road
461,174,Ofilia Marriner,Male,09834 Schmedeman Plaza
462,170,Zulema Thain,Female,6012 Sunbrook Street
463,214,Mikkel Mennear,Female,0 Stone Corner Drive
464,343,Brod Karran,Male,2 New Castle Way
465,437,Marvin Iveagh,Female,1 Glacier Hill Avenue
466,241,Vivianna Paroni,Male,02788 Darwin Parkway
467,127,Anabelle Guyet,Female,1 Amoth Plaza
468,7,Gan Streetley,Male,1 Sage Way
469,36,Patrice Lettington,Male,89 Ronald Regan Terrace
470,173,Talya Careless,Male,55 Oxford Court
471,349,Sunny Hinze,Female,406 Farragut Street
472,478,Debor Pruvost,Female,085 2nd Court
473,33,Salaidh Andreopolos,Female,791 Fulton Alley
474,270,Ulla MacSherry,Female,24 Park Meadow Lane
475,37,Herb Lympany,Male,728 Eagle Crest Lane
476,80,Erv Murrell,Female,2 Northland Street
477,133,Maryellen Scolli,Female,9461 Di Loreto Hill
478,194,Victoria Blackater,Male,07197 Caliangt Junction
479,474,Ferrel Buckles,Female,024 Clove Circle
480,384,Pincas Muckian,Female,63868 Beilfuss Trail
481,157,Debra Cooling,Male,822 Arizona Trail
482,30,Sharity Danaher,Female,940 Mitchell Pass
483,77,Rosie Hedderly,Female,286 La Follette Point
484,113,Cyril Francino,Female,21 Union Lane
485,332,Haydon Mollen,Male,5 Kennedy Court
486,136,Ludovika Shirrell,Female,39098 Porter Lane
487,201,Lari Scougal,Female,257 Sycamore Crossing
488,110,Merill Jaszczak,Male,40963 Veith Pass
489,456,Lauritz Rumsby,Male,01 Red Cloud Place
490,350,Janeta Itzkovsky,Male,939 Oakridge Trail
491,357,Babara Moriarty,Female,75097 Charing Cross Pass
492,296,Konstance Dowdell,Female,2282 Melrose Hill
493,111,Karolina McLeod,Male,30116 Menomonie Lane
494,414,Yurik Camier,Male,7 Towne Hill
495,161,Preston Longmaid,Male,79135 Merrick Plaza
496,40,Pancho McMeanma,Female,38636 Drewry Lane
497,292,Roderigo Cheverton,Male,144 Carey Road
498,309,Thorsten Strewther,Male,207 Debra Court
499,119,Katalin Topliss,Female,39 Hoepker Lane
500,239,Glen Seiter,Female,76376 Macpherson Point
